sigma_a,sigma_v,conflict_max,p_c,lambda,lognorm__vs__fusionOnlyLogNorm,lognorm__vs__switchingFree,lognorm__vs__probabilityMatchingLogNorm,lognorm__vs__selection,fusionOnlyLogNorm__vs__switchingFree,fusionOnlyLogNorm__vs__probabilityMatchingLogNorm,fusionOnlyLogNorm__vs__selection,switchingFree__vs__probabilityMatchingLogNorm,switchingFree__vs__selection,probabilityMatchingLogNorm__vs__selection,mean_pairwise
0.05,0.05,0.083,0.3,0.05,0.03439351851851852,0.0203516975308642,0.020442592592592592,0.055504629629629626,0.03505324074074074,0.01753395061728395,0.0733611111111111,0.021471759259259256,0.03908780864197531,0.05910524691358025,0.037630555555555556
0.05,0.05,0.083,0.5,0.05,0.027916512345679014,0.03218271604938271,0.01555478395061728,0.04885756172839505,0.03477175925925926,0.024383333333333326,0.0602898148148148,0.02738287037037037,0.035369907407407405,0.044620679012345676,0.035132993827160494
0.05,0.05,0.083,0.7,0.05,0.022061111111111108,0.04378503086419753,0.01605617283950617,0.04489043209876543,0.0364020061728395,0.030288580246913572,0.051593209876543214,0.04731527777777777,0.04057145061728394,0.04022839506172839,0.03731916666666666
0.05,0.05,0.167,0.3,0.05,0.08913287037037036,0.051772067901234564,0.07997299382716049,0.05906419753086419,0.07409413580246914,0.01295987654320987,0.10959305555555554,0.06231882716049382,0.05585941358024691,0.09850972222222222,0.06932771604938272
0.05,0.05,0.167,0.5,0.05,0.08526543209876543,0.08548827160493827,0.0740266975308642,0.061360030864197515,0.07085123456790123,0.018615895061728394,0.09242854938271604,0.0628378086419753,0.06966959876543209,0.07998179012345678,0.07005253086419752
0.05,0.05,0.167,0.7,0.05,0.0796533950617284,0.118879012345679,0.06852314814814815,0.06645895061728396,0.07390648148148148,0.023427469135802466,0.07719043209876543,0.07619351851851852,0.08888950617283951,0.06506327160493829,0.07381851851851853
0.05,0.05,0.25,0.3,0.05,0.1441712962962963,0.08144197530864197,0.13831589506172837,0.05858333333333334,0.11417006172839507,0.010499845679012349,0.15401728395061726,0.10703626543209876,0.08096697530864197,0.14795663580246915,0.10371595679012344
0.05,0.05,0.25,0.5,0.05,0.14067037037037036,0.1311234567901235,0.1325162037037037,0.06475833333333333,0.10690432098765432,0.013947993827160493,0.14181975308641975,0.09751280864197531,0.11327870370370369,0.13241064814814815,0.10749425925925926
0.05,0.05,0.25,0.7,0.05,0.13721635802469134,0.18208626543209874,0.12939645061728394,0.07436682098765432,0.10518904320987653,0.01792391975308642,0.12639984567901233,0.1050570987654321,0.1478070987654321,0.1149793209876543,0.11404222222222223
0.05,0.05,0.35,0.3,0.05,0.211829475308642,0.09798780864197532,0.20785941358024693,0.05760987654320987,0.15753580246913582,0.007869753086419753,0.21731836419753084,0.15062777777777778,0.09501466049382715,0.21199953703703703,0.14156524691358024
0.05,0.05,0.35,0.5,0.05,0.20882114197530866,0.1603388888888889,0.20288657407407407,0.06332746913580246,0.13029367283950616,0.011089197530864197,0.20378966049382716,0.12449984567901237,0.1447577160493827,0.1971631172839506,0.14469672839506173
0.05,0.05,0.35,0.7,0.05,0.20638456790123458,0.22584490740740737,0.19794305555555555,0.07373935185185185,0.11871774691358025,0.013965586419753089,0.18743441358024687,0.1159996913580247,0.1937824074074074,0.1817256172839506,0.15155373456790122
0.05,0.05,0.45,0.3,0.05,0.26138487654320985,0.10894506172839506,0.25868441358024685,0.05691496913580246,0.19072129629629625,0.0076381172839506154,0.26606157407407405,0.18498317901234568,0.10637947530864196,0.26222932098765434,0.17039422839506171
0.05,0.05,0.45,0.5,0.05,0.2603733024691358,0.17887268518518515,0.2560162037037037,0.06302839506172839,0.15098549382716048,0.00967006172839506,0.2542041666666666,0.14364351851851853,0.16403040123456789,0.2474486111111111,0.17282728395061728
0.05,0.05,0.45,0.7,0.05,0.25770216049382716,0.24994675925925924,0.25294043209876543,0.07505879629629629,0.12438842592592593,0.011095061728395061,0.23805416666666665,0.12006651234567899,0.21865246913580247,0.2305186728395062,0.17784234567901233
0.05,0.05,0.6,0.3,0.05,0.28850312499999997,0.11327100694444445,0.2879720486111111,0.057887326388888875,0.20511753472222224,0.00689739583333333,0.2927088541666667,0.19956597222222225,0.1126277777777778,0.290403125,0.18549541666666663
0.05,0.05,0.6,0.5,0.05,0.2890276041666666,0.18847934027777777,0.2877180555555555,0.06311232638888889,0.1651284722222222,0.008322395833333333,0.27988715277777776,0.15680607638888888,0.17365208333333332,0.2759321180555555,0.1888065625
0.05,0.05,0.6,0.7,0.05,0.28699565972222224,0.2617777777777778,0.28477569444444445,0.07486197916666666,0.12570677083333331,0.009556076388888883,0.2664420138888889,0.11819583333333333,0.23216614583333334,0.25968975694444446,0.19201677083333332
0.1,0.1,0.083,0.3,0.05,0.03477469135802469,0.025400771604938276,0.01534074074074074,0.10852283950617284,0.045204166666666656,0.02328672839506173,0.12809166666666666,0.026397685185185184,0.08475817901234568,0.11062222222222222,0.060239969135802464
0.1,0.1,0.083,0.5,0.05,0.025145679012345674,0.03825802469135802,0.012795679012345683,0.08882206790123458,0.04412222222222223,0.032675308641975306,0.10016342592592593,0.031174074074074076,0.05747793209876543,0.07763317901234566,0.05082675925925926
0.1,0.1,0.083,0.7,0.05,0.017196759259259262,0.047869444444444444,0.025169135802469142,0.08082330246913581,0.0448054012345679,0.04056558641975309,0.08800987654320988,0.05176327160493828,0.053631018518518515,0.06552947530864198,0.05153632716049383
0.1,0.1,0.167,0.3,0.05,0.07745138888888889,0.04313117283950617,0.052549074074074074,0.10854629629629631,0.07250200617283951,0.027588117283950622,0.14928194444444445,0.049611111111111106,0.07833395061728395,0.12616820987654323,0.07851632716049384
0.1,0.1,0.167,0.5,0.05,0.06486975308641976,0.06776373456790123,0.035912345679012345,0.09404706790123457,0.06591651234567901,0.04001141975308642,0.11274799382716048,0.052991820987654314,0.06049506172839506,0.08934984567901236,0.06841055555555556
0.1,0.1,0.167,0.7,0.05,0.05122083333333334,0.09140231481481483,0.03339367283950618,0.08538858024691358,0.068745987654321,0.05327623456790124,0.09323194444444444,0.08574043209876543,0.06904212962962963,0.07593256172839506,0.07073746913580246
0.1,0.1,0.25,0.3,0.05,0.12832037037037036,0.06330987654320988,0.1060452160493827,0.11297962962962964,0.10128641975308642,0.026168981481481474,0.17067746913580245,0.08089953703703703,0.07803487654320988,0.1500442901234568,0.10177666666666667
0.1,0.1,0.25,0.5,0.05,0.11512006172839508,0.10289614197530864,0.08486666666666667,0.1102175925925926,0.08862854938271604,0.039208024691358034,0.1311996913580247,0.07451929012345679,0.0698162037037037,0.10831759259259258,0.09247898148148147
0.1,0.1,0.25,0.7,0.05,0.10267037037037037,0.1437050925925926,0.07000385802469135,0.10826188271604939,0.08901558641975307,0.0538304012345679,0.10368194444444445,0.10586049382716049,0.08836172839506172,0.08815061728395061,0.09535419753086419
0.1,0.1,0.35,0.3,0.05,0.1914337962962963,0.08067083333333333,0.16983595679012348,0.1191223765432099,0.14195462962962963,0.024301234567901224,0.21334537037037035,0.1207496913580247,0.08037469135802469,0.191079012345679,0.13328675925925929
0.1,0.1,0.35,0.5,0.05,0.1778054012345679,0.12990077160493826,0.14367870370370373,0.12950787037037037,0.11115,0.03935756172839506,0.1616817901234568,0.09641033950617284,0.077079012345679,0.13923657407407408,0.1205808024691358
0.1,0.1,0.35,0.7,0.05,0.16422391975308642,0.17987839506172842,0.12538533950617284,0.13564182098765434,0.099166512345679,0.05578024691358025,0.12480185185185186,0.11047854938271603,0.09416435185185186,0.10983055555555554,0.11993515432098767
0.1,0.1,0.45,0.3,0.05,0.23944984567901234,0.08869305555555555,0.21642407407407405,0.12459660493827159,0.17270648148148146,0.024790895061728387,0.24464552469135803,0.1515162037037037,0.07885879629629632,0.2225111111111111,0.15641925925925926
0.1,0.1,0.45,0.5,0.05,0.2259064814814815,0.14719135802469135,0.19225478395061726,0.1432945987654321,0.12966913580246914,0.03795601851851851,0.1861912037037037,0.11295910493827162,0.07965046296296296,0.16176388888888887,0.1416837037037037
0.1,0.1,0.45,0.7,0.05,0.2110817901234568,0.20342608024691358,0.1682936728395062,0.1590194444444444,0.10278472222222221,0.05357824074074074,0.14034197530864198,0.11167777777777778,0.09583564814814816,0.1273439814814815,0.1373383333333333
0.1,0.1,0.6,0.3,0.05,0.26050121527777775,0.09065572916666666,0.23704479166666667,0.12381336805555557,0.18697187499999998,0.026029340277777778,0.26252326388888886,0.16409600694444448,0.07881041666666667,0.23949565972222223,0.16699416666666667
0.1,0.1,0.6,0.5,0.05,0.24624461805555553,0.15057170138888887,0.20941232638888885,0.14643524305555555,0.14026354166666666,0.04077083333333333,0.19990902777777778,0.11494340277777779,0.08148229166666665,0.171059375,0.1501092361111111
0.1,0.1,0.6,0.7,0.05,0.22848819444444443,0.20611041666666663,0.17854392361111113,0.16480520833333334,0.10165,0.05968836805555555,0.14734236111111113,0.10220086805555556,0.09531006944444445,0.12494809027777778,0.14090875
0.15,0.15,0.083,0.3,0.05,0.03714089506172841,0.032050771604938265,0.01674228395061729,0.12571373456790125,0.05626111111111111,0.02812175925925926,0.15117901234567901,0.03173996913580247,0.09614351851851852,0.12754336419753087,0.07026364197530864
0.15,0.15,0.083,0.5,0.05,0.02652669753086419,0.04364135802469136,0.01763950617283951,0.09958287037037036,0.05506188271604938,0.03951003086419753,0.11522561728395063,0.03191882716049382,0.06084984567901234,0.08521558641975308,0.05751722222222222
0.15,0.15,0.083,0.7,0.05,0.017677623456790127,0.05183070987654321,0.03603842592592593,0.1001986111111111,0.053663271604938285,0.05080740740740741,0.10802438271604939,0.05143487654320988,0.06027808641975308,0.07478024691358025,0.06047336419753087
0.15,0.15,0.167,0.3,0.05,0.0714962962962963,0.041169598765432094,0.04014922839506173,0.12503055555555556,0.07498256172839507,0.03539922839506174,0.16564598765432098,0.04641512345679012,0.09187145061728394,0.1378878086419753,0.08300478395061728
0.15,0.15,0.167,0.5,0.05,0.055270061728395055,0.059372067901234574,0.02161543209876543,0.10167052469135801,0.06411033950617283,0.053499074074074074,0.11700540123456786,0.04926219135802469,0.05558086419753086,0.09390046296296296,0.06712864197530863
0.15,0.15,0.167,0.7,0.05,0.04004953703703704,0.07782962962962962,0.03415895061728395,0.09457484567901234,0.06542391975308642,0.06966959876543209,0.10596018518518519,0.08982777777777777,0.06683719135802468,0.08340354938271606,0.07277351851851852
0.15,0.15,0.25,0.3,0.05,0.11481805555555556,0.0502679012345679,0.07604104938271604,0.12276111111111113,0.09961219135802471,0.04186743827160494,0.18330015432098762,0.06667592592592593,0.0865848765432099,0.15216419753086421,0.09940929012345678
0.15,0.15,0.25,0.5,0.05,0.09334043209876543,0.0803219135802469,0.04562932098765432,0.1050131172839506,0.08079691358024692,0.06210771604938272,0.12382546296296297,0.06451203703703703,0.05164891975308641,0.09804058641975308,0.08052364197530863
0.15,0.15,0.25,0.7,0.05,0.07202407407407407,0.10616836419753087,0.050012808641975305,0.09436666666666665,0.0798263888888889,0.08289336419753085,0.1044003086419753,0.10946697530864195,0.07043194444444444,0.08787793209876543,0.08574688271604938
0.15,0.15,0.35,0.3,0.05,0.16511234567901234,0.06004645061728395,0.12175833333333333,0.12255879629629629,0.13445725308641976,0.045594135802469134,0.21198194444444443,0.09751280864197531,0.08208117283950617,0.17578225308641976,0.12168854938271603
0.15,0.15,0.35,0.5,0.05,0.14140925925925923,0.09481820987654321,0.08230108024691359,0.11566836419753088,0.1013567901234568,0.06931188271604938,0.13516095679012347,0.08138040123456791,0.04674645061728395,0.11176574074074073,0.09799191358024692
0.15,0.15,0.35,0.7,0.05,0.11698487654320988,0.1313550925925926,0.08253564814814815,0.10864305555555556,0.08528595679012345,0.0935016975308642,0.10731188271604938,0.11482098765432099,0.06688117283950618,0.09820185185185187,0.10055222222222224
0.15,0.15,0.45,0.3,0.05,0.21098209876543209,0.06661141975308642,0.1665314814814815,0.12836141975308643,0.16480154320987653,0.045863888888888885,0.23696635802469138,0.12584567901234567,0.0802574074074074,0.19901327160493826,0.14252345679012343
0.15,0.15,0.45,0.5,0.05,0.18663395061728394,0.1102820987654321,0.1240658950617284,0.1356388888888889,0.11945370370370371,0.06993935185185185,0.14947253086419754,0.09741311728395062,0.05169290123456789,0.12812391975308643,0.11727163580246913
0.15,0.15,0.45,0.7,0.05,0.16269922839506173,0.15450987654320988,0.12447932098765432,0.13571512345679013,0.09084521604938271,0.09524336419753086,0.10966342592592594,0.12539999999999998,0.061181172839506165,0.11361882716049383,0.11733555555555557
0.15,0.15,0.6,0.3,0.05,0.22323020833333335,0.06327395833333332,0.1718543402777778,0.1282565972222222,0.1768253472222222,0.0523720486111111,0.24835902777777777,0.1309119791666667,0.08281493055555554,0.20423350694444442,0.14821319444444442
0.15,0.15,0.6,0.5,0.05,0.19664010416666666,0.10701354166666667,0.12309427083333335,0.13771041666666667,0.12463802083333334,0.07945694444444446,0.14954253472222223,0.09489774305555555,0.053543055555555545,0.1300015625,0.11965381944444445
0.15,0.15,0.6,0.7,0.05,0.16955520833333335,0.1521154513888889,0.11969340277777779,0.13939930555555552,0.09230503472222223,0.10672326388888889,0.1042361111111111,0.1262939236111111,0.0573265625,0.12471388888888889,0.11923621527777777
0.2,0.2,0.083,0.3,0.05,0.03542561728395061,0.03591234567901235,0.015346604938271604,0.12677222222222223,0.06120462962962964,0.02971388888888889,0.15218765432098766,0.03417067901234568,0.09318796296296297,0.12635000000000002,0.07102716049382715
0.2,0.2,0.083,0.5,0.05,0.025515123456790124,0.045444598765432095,0.022201851851851855,0.10238009259259258,0.05614675925925926,0.043787962962962966,0.11585015432098765,0.03136466049382716,0.06040123456790124,0.0836263888888889,0.058671882716049374
0.2,0.2,0.083,0.7,0.05,0.017003240740740742,0.05499151234567902,0.04294645061728396,0.1082296296296296,0.05794413580246913,0.05468364197530864,0.11518749999999998,0.04759382716049383,0.06101404320987654,0.07378626543209878,0.06333802469135802
0.2,0.2,0.167,0.3,0.05,0.0669662037037037,0.03809382716049383,0.03059645061728395,0.12283148148148147,0.0747949074074074,0.04190555555555556,0.16120385802469137,0.04098780864197531,0.08928240740740741,0.12895077160493826,0.07956132716049383
0.2,0.2,0.167,0.5,0.05,0.0482125,0.0549358024691358,0.021460030864197528,0.09856543209876542,0.06472608024691358,0.0591287037037037,0.11470663580246915,0.04450632716049382,0.05143487654320988,0.08489891975308642,0.06425753086419753
0.2,0.2,0.167,0.7,0.05,0.030590586419753082,0.07064012345679012,0.04861712962962963,0.10355879629629629,0.06668472222222223,0.07696759259259259,0.11473302469135804,0.08625941358024691,0.06742947530864199,0.08119567901234569,0.07466765432098767
0.2,0.2,0.25,0.3,0.05,0.1025003086419753,0.04406358024691358,0.05441975308641975,0.12241805555555557,0.09567438271604937,0.05148765432098766,0.17935354938271603,0.056378395061728384,0.08682824074074075,0.14247947530864197,0.09356033950617285
0.2,0.2,0.25,0.5,0.05,0.07742206790123457,0.06516882716049383,0.029320987654320986,0.09514660493827161,0.07455447530864197,0.07606743827160495,0.11590293209876543,0.05704691358024691,0.0447496913580247,0.0868429012345679,0.07222228395061729
0.2,0.2,0.25,0.7,0.05,0.0525344135802469,0.08673734567901234,0.0490070987654321,0.09325540123456791,0.07142885802469136,0.099383487654321,0.11075123456790124,0.11211172839506173,0.07160478395061728,0.0876726851851852,0.08344870370370372
0.2,0.2,0.35,0.3,0.05,0.145954012345679,0.0464591049382716,0.08842037037037037,0.11873533950617284,0.1299007716049383,0.059339814814814804,0.20740787037037034,0.08044212962962964,0.08246234567901235,0.16097515432098763,0.11200969135802467
0.2,0.2,0.35,0.5,0.05,0.11424629629629632,0.07327608024691357,0.052258796296296296,0.09896126543209878,0.09280385802469135,0.08752608024691358,0.12205447530864195,0.06809506172839506,0.04014043209876542,0.09215586419753087,0.08415182098765431
0.2,0.2,0.35,0.7,0.05,0.08511296296296297,0.09951836419753086,0.05993503086419754,0.08678425925925926,0.07760972222222222,0.11944490740740739,0.1118537037037037,0.12098425925925926,0.07050231481481482,0.0899304012345679,0.09216759259259259
0.2,0.2,0.45,0.3,0.05,0.1711641975308642,0.041855709876543204,0.09938641975308642,0.11234336419753087,0.15889922839506174,0.07311481481481481,0.2313983024691358,0.09432854938271605,0.08204012345679011,0.1711554012345679,0.1235686111111111
0.2,0.2,0.45,0.5,0.05,0.13879969135802472,0.06777839506172839,0.05877685185185186,0.09767993827160494,0.11121450617283951,0.10620061728395061,0.12511851851851852,0.07144938271604938,0.04271481481481482,0.09188024691358022,0.0911612962962963
0.2,0.2,0.45,0.7,0.05,0.10794814814814815,0.10019274691358024,0.06880462962962962,0.08837052469135802,0.0842655864197531,0.13728086419753086,0.11138163580246915,0.12147391975308641,0.0616679012345679,0.09329645061728395,0.09746824074074074
0.2,0.2,0.6,0.3,0.05,0.17854722222222222,0.040117708333333335,0.10017552083333331,0.10957986111111112,0.16918576388888887,0.07981649305555555,0.2375923611111111,0.09645468749999998,0.0811326388888889,0.1687470486111111,0.12613493055555555
0.2,0.2,0.6,0.5,0.05,0.14473975694444444,0.0658798611111111,0.054921874999999995,0.10283090277777777,0.1167609375,0.11721614583333333,0.12024427083333333,0.07378333333333333,0.048370833333333335,0.09973680555555556,0.09444847222222222
0.2,0.2,0.6,0.7,0.05,0.11038802083333334,0.09436996527777779,0.07638263888888888,0.08963645833333334,0.08194409722222222,0.15240572916666667,0.10089461805555557,0.12709878472222222,0.058032465277777785,0.10902569444444445,0.10001784722222225
0.3,0.3,0.083,0.3,0.05,0.0319628086419753,0.03407391975308642,0.012373456790123458,0.10821790123456788,0.05784444444444444,0.03262546296296296,0.13226404320987653,0.0278695987654321,0.07588564814814815,0.10252376543209876,0.061564104938271594
0.3,0.3,0.083,0.5,0.05,0.021826543209876544,0.04753518518518519,0.03020941358024691,0.09582391975308642,0.05746913580246913,0.04651188271604938,0.10796280864197531,0.027857870370370377,0.052118055555555556,0.07002438271604938,0.05573391975308641
0.3,0.3,0.083,0.7,0.05,0.01465756172839506,0.055360956790123456,0.047485339506172834,0.10296944444444443,0.058905864197530855,0.057269753086419746,0.1094875,0.04113148148148147,0.054880092592592584,0.06372916666666666,0.06058771604938271
0.3,0.3,0.167,0.3,0.05,0.05574212962962964,0.036208487654320984,0.01916712962962963,0.1077429012345679,0.0699246913580247,0.04464413580246913,0.1411307098765432,0.03325586419753087,0.07505879629629629,0.10646743827160493,0.06893422839506172
0.3,0.3,0.167,0.5,0.05,0.03597978395061729,0.04933256172839506,0.031059722222222218,0.09391512345679015,0.0596858024691358,0.0622895061728395,0.10759336419753089,0.040380864197530855,0.04895725308641976,0.07197422839506173,0.06011682098765433
0.3,0.3,0.167,0.7,0.05,0.022351388888888886,0.059275308641975305,0.061043364197530856,0.10175555555555556,0.05933101851851852,0.07972962962962962,0.10907114197530865,0.07826064814814815,0.06234228395061729,0.06891311728395062,0.07020734567901235
0.3,0.3,0.25,0.3,0.05,0.08198734567901236,0.038099691358024684,0.0282449074074074,0.10613024691358025,0.08757006172839507,0.05835169753086421,0.15309660493827162,0.0393341049382716,0.07334351851851852,0.1113699074074074,0.07775280864197531
0.3,0.3,0.25,0.5,0.05,0.0577945987654321,0.05382746913580246,0.0315787037037037,0.08981898148148147,0.0671949074074074,0.0842479938271605,0.10979537037037038,0.050707716049382706,0.04460015432098764,0.0741263888888889,0.06636922839506172
0.3,0.3,0.25,0.7,0.05,0.03369567901234568,0.06604845679012344,0.0747216049382716,0.09755972222222221,0.060600617283950615,0.10490462962962963,0.11047854938271606,0.1068280864197531,0.07280694444444444,0.07511157407407408,0.08027558641975309
0.3,0.3,0.35,0.3,0.05,0.11373611111111111,0.038580555555555555,0.04574953703703705,0.10476975308641975,0.11607592592592592,0.07146990740740741,0.17967901234567898,0.054252623456790126,0.0706283950617284,0.12354398148148148,0.09184858024691357
0.3,0.3,0.35,0.5,0.05,0.08087608024691358,0.05387145061728395,0.03359012345679012,0.0807324074074074,0.08067962962962963,0.10775756172839505,0.11802577160493825,0.05656898148148147,0.04270601851851852,0.07191265432098766,0.07267206790123457
0.3,0.3,0.35,0.7,0.05,0.04898070987654321,0.06901280864197533,0.09018842592592592,0.08935864197530863,0.06473487654320988,0.13736882716049384,0.11630756172839506,0.13053703703703706,0.07894675925925924,0.08211342592592592,0.09075490740740741
0.3,0.3,0.45,0.3,0.05,0.1381077160493827,0.0387945987654321,0.059014351851851846,0.10176728395061728,0.14569305555555556,0.08184953703703704,0.20410925925925927,0.07187746913580247,0.06894243827160494,0.13636898148148147,0.10465246913580248
0.3,0.3,0.45,0.5,0.05,0.09577407407407407,0.05143194444444445,0.03318842592592593,0.07379212962962962,0.09860354938271605,0.12179058641975309,0.12261157407407407,0.05956851851851852,0.037020679012345674,0.07456913580246913,0.07683506172839506
0.3,0.3,0.45,0.7,0.05,0.06132191358024692,0.0624537037037037,0.10167345679012346,0.08654969135802469,0.07245216049382716,0.16219783950617284,0.12380493827160494,0.1373570987654321,0.07519074074074074,0.08732376543209877,0.09703253086419752
0.3,0.3,0.6,0.3,0.05,0.14610208333333333,0.0414140625,0.059048437499999995,0.1031046875,0.1542661458333333,0.08958697916666666,0.21005885416666667,0.07151388888888889,0.06900694444444444,0.13600833333333334,0.10801104166666667
0.3,0.3,0.6,0.5,0.05,0.10192378472222223,0.05322638888888889,0.039355729166666666,0.07859930555555555,0.1035467013888889,0.1327888888888889,0.1140890625,0.06438559027777778,0.043772569444444444,0.08916475694444444,0.08208527777777777
0.3,0.3,0.6,0.7,0.05,0.06262083333333333,0.06364010416666667,0.1110873263888889,0.08293038194444444,0.07229565972222224,0.17259322916666667,0.11387135416666666,0.14628020833333333,0.06621631944444445,0.10062743055555555,0.09921628472222223
0.45,0.45,0.083,0.3,0.05,0.027661419753086416,0.031927623456790115,0.013994907407407407,0.08028672839506173,0.0503587962962963,0.030848611111111108,0.09852438271604938,0.024207407407407403,0.051132870370370356,0.07224984567901234,0.04811925925925926
0.45,0.45,0.083,0.5,0.05,0.016601543209876536,0.040336882716049384,0.028268364197530867,0.0798,0.04856435185185186,0.03870077160493827,0.08829135802469135,0.020360493827160497,0.04151558641975308,0.055085339506172844,0.04575246913580247
0.45,0.45,0.083,0.7,0.05,0.012783950617283948,0.04628904320987654,0.04077669753086421,0.08171172839506172,0.04858780864197531,0.04787237654320988,0.08644413580246914,0.032575617283950614,0.04257700617283951,0.04771404320987654,0.048733240740740744
0.45,0.45,0.167,0.3,0.05,0.04193487654320987,0.031807407407407416,0.014015432098765433,0.07716404320987653,0.058888271604938265,0.04001141975308642,0.1007439814814815,0.027221604938271613,0.04834737654320987,0.07211496913580248,0.05122493827160494
0.45,0.45,0.167,0.5,0.05,0.02858796296296296,0.04120185185185186,0.03367808641975309,0.07586805555555556,0.051053703703703705,0.05604413580246913,0.08848780864197531,0.0333320987654321,0.03929891975308642,0.05425848765432099,0.05018111111111111
0.45,0.45,0.167,0.7,0.05,0.01612067901234568,0.04797499999999999,0.05743981481481482,0.08365570987654321,0.048197839506172846,0.06775493827160495,0.08803626543209878,0.06287006172839507,0.05059336419753087,0.0535371913580247,0.05761808641975309
0.45,0.45,0.25,0.3,0.05,0.06322777777777777,0.033077006172839506,0.015856790123456786,0.07893796296296296,0.07347546296296296,0.0563608024691358,0.11308518518518519,0.02698410493827161,0.0478841049382716,0.07262808641975309,0.05815172839506172
0.45,0.45,0.25,0.5,0.05,0.0400817901234568,0.04310478395061728,0.039131790123456786,0.07634012345679013,0.05396527777777777,0.07602932098765432,0.09204444444444446,0.04503996913580247,0.040331018518518516,0.05650154320987654,0.056257006172839505
0.45,0.45,0.25,0.7,0.05,0.022084567901234562,0.049681481481481486,0.07210910493827159,0.08392839506172839,0.048637654320987656,0.09072793209876544,0.09370987654320988,0.08868719135802469,0.06026635802469135,0.059753240740740746,0.06695858024691358
0.45,0.45,0.35,0.3,0.05,0.08482854938271606,0.03285416666666666,0.02010246913580247,0.08054475308641974,0.09548672839506173,0.07307669753086421,0.13235787037037036,0.031006944444444434,0.04918595679012346,0.0781287037037037,0.06775728395061728
0.45,0.45,0.35,0.5,0.05,0.05481558641975309,0.04447993827160494,0.04968441358024691,0.07775046296296297,0.06355324074074074,0.10255308641975308,0.10426543209876542,0.0566158950617284,0.043867129629629624,0.0578854938271605,0.06554706790123456
0.45,0.45,0.35,0.7,0.05,0.030564197530864205,0.05284521604938272,0.10058271604938271,0.08934691358024692,0.05102731481481482,0.12838487654320987,0.10502777777777779,0.1195445987654321,0.07182175925925927,0.06818888888888888,0.08173342592592593
0.45,0.45,0.45,0.3,0.05,0.10605108024691359,0.04069166666666667,0.023966975308641975,0.0843770061728395,0.12520941358024693,0.0875554012345679,0.15774104938271608,0.04601049382716049,0.04713935185185184,0.08880447530864197,0.08075469135802468
0.45,0.45,0.45,0.5,0.05,0.06801003086419753,0.04885756172839505,0.06091728395061729,0.08301064814814814,0.08280246913580246,0.1275023148148148,0.1204858024691358,0.059530401234567897,0.04279104938271605,0.05770077160493828,0.07516083333333333
0.45,0.45,0.45,0.7,0.05,0.036328703703703696,0.053543055555555545,0.12238287037037038,0.0978324074074074,0.059114043209876545,0.15701682098765435,0.11959444444444443,0.13590864197530866,0.08020756172839505,0.07502361111111112,0.09369521604938272
0.45,0.45,0.6,0.3,0.05,0.11024947916666668,0.04137777777777777,0.02355868055555555,0.08552968749999999,0.13167725694444446,0.09367065972222223,0.1604708333333333,0.046332291666666664,0.04756267361111111,0.08848524305555555,0.08289145833333333
0.45,0.45,0.6,0.5,0.05,0.07362829861111113,0.04840711805555556,0.06324756944444444,0.08337239583333332,0.08651597222222224,0.13547725694444443,0.11451458333333335,0.060968229166666665,0.041753819444444444,0.06759184027777777,0.07754770833333333
0.45,0.45,0.6,0.7,0.05,0.038758680555555564,0.0535001736111111,0.13110989583333332,0.09687031249999999,0.05811822916666666,0.16880642361111112,0.11593628472222223,0.14310034722222223,0.07421215277777778,0.08523611111111112,0.09656486111111114
0.6,0.6,0.083,0.3,0.05,0.022550771604938267,0.026166049382716057,0.012121296296296307,0.05852762345679012,0.040477623456790124,0.02419274691358025,0.0724638888888889,0.020659567901234566,0.034847993827160494,0.052241203703703706,0.036424876543209875
0.6,0.6,0.083,0.5,0.05,0.015707253086419758,0.033431790123456796,0.027564660493827164,0.06417777777777779,0.03941033950617283,0.03555462962962963,0.07033225308641976,0.018938425925925935,0.033302777777777785,0.041122685185185186,0.037954259259259264
0.6,0.6,0.083,0.7,0.05,0.011326697530864197,0.03737253086419753,0.03541975308641976,0.068766512345679,0.03955694444444444,0.04010231481481483,0.07177777777777777,0.027643827160493822,0.03655447530864197,0.03936342592592591,0.04078842592592592
0.6,0.6,0.167,0.3,0.05,0.03658086419753086,0.02740632716049383,0.014041820987654326,0.057961728395061723,0.04926219135802469,0.03489490740740741,0.07690308641975309,0.02262993827160494,0.03382175925925926,0.05248749999999999,0.04059901234567901
0.6,0.6,0.167,0.5,0.05,0.020732870370370367,0.03488024691358024,0.030083333333333333,0.06416018518518518,0.042078549382716046,0.04583163580246913,0.07300046296296296,0.028910493827160495,0.03299197530864199,0.04440956790123458,0.04170793209876543
0.6,0.6,0.167,0.7,0.05,0.015868518518518514,0.039246141975308645,0.047051388888888886,0.06958163580246914,0.03931651234567901,0.056170216049382715,0.07363966049382716,0.04894259259259259,0.04019320987654322,0.04428641975308641,0.04742962962962963
0.6,0.6,0.25,0.3,0.05,0.049083333333333326,0.028429629629629624,0.015062191358024692,0.060917283950617275,0.058383950617283936,0.047280092592592596,0.08374074074074074,0.022820524691358025,0.03675092592592592,0.054487191358024684,0.04569558641975309
0.6,0.6,0.25,0.5,0.05,0.03309166666666667,0.03645185185185185,0.03623194444444445,0.06528024691358025,0.0447966049382716,0.06598688271604937,0.07748364197530865,0.03984429012345679,0.03579506172839506,0.04622453703703704,0.048118672839506174
0.6,0.6,0.25,0.7,0.05,0.016551697530864194,0.04012577160493828,0.06639151234567903,0.07134675925925925,0.03946018518518519,0.07838672839506174,0.07782376543209875,0.0758358024691358,0.05171049382716048,0.04995123456790124,0.056758395061728396
0.6,0.6,0.35,0.3,0.05,0.06685185185185184,0.028843055555555556,0.015000617283950617,0.06068271604938272,0.07686496913580246,0.06421882716049382,0.09678858024691359,0.0225625,0.03464274691358024,0.05346388888888889,0.05199197530864197
0.6,0.6,0.35,0.5,0.05,0.041767746913580255,0.03600030864197531,0.05257253086419753,0.06748225308641975,0.0529449074074074,0.09167793209876542,0.09027932098765433,0.053223456790123455,0.03983256172839506,0.04593132716049383,0.05717123456790124
0.6,0.6,0.35,0.7,0.05,0.023597530864197525,0.043225,0.08654089506172839,0.0789496913580247,0.04232191358024691,0.10774583333333333,0.09132901234567901,0.10031589506172839,0.06590771604938273,0.05527299382716049,0.06952064814814814
0.6,0.6,0.45,0.3,0.05,0.08757885802469134,0.03636095679012346,0.014027160493827158,0.0672770061728395,0.10600123456790124,0.08452947530864197,0.12136543209876544,0.03085447530864197,0.03447561728395061,0.061143055555555555,0.06436132716049384
0.6,0.6,0.45,0.5,0.05,0.051402623456790114,0.04127222222222222,0.06855246913580247,0.07802314814814815,0.07141126543209877,0.11741003086419755,0.1106837962962963,0.057117283950617284,0.04293765432098765,0.0455354938271605,0.06843459876543209
0.6,0.6,0.45,0.7,0.05,0.0281804012345679,0.04506929012345679,0.11671805555555555,0.0923317901234568,0.04837376543209877,0.14244135802469138,0.110091512345679,0.12419783950617283,0.07698225308641973,0.0619054012345679,0.08462916666666667
0.6,0.6,0.6,0.3,0.05,0.09454479166666667,0.03637048611111111,0.014830555555555553,0.06637795138888887,0.11436944444444445,0.08928680555555554,0.1219529513888889,0.0325704861111111,0.03492899305555555,0.06036788194444445,0.06656003472222222
0.6,0.6,0.6,0.5,0.05,0.056627256944444454,0.041608680555555555,0.06968975694444444,0.07690381944444445,0.07260572916666667,0.12423229166666669,0.10641649305555556,0.0627626736111111,0.04158229166666667,0.054107118055555556,0.07065361111111113
0.6,0.6,0.6,0.7,0.05,0.03047916666666667,0.045517534722222225,0.12338125,0.09095260416666667,0.047311979166666664,0.15091805555555554,0.10604704861111111,0.13141996527777777,0.07544583333333334,0.06857482638888888,0.08700482638888889
